ID,Type,Time_Start,Time_End,Duration_Seconds,Max_Speed,Avg_Speed,Final_Direction,Dominant_State,Dominant_Emotion,Avg_Valence,Avg_Arousal
2,cell phone,2026-08-14 01:24:52,2026-08-14 01:24:52,6.4,0.0,0.0,Static,STATIC,N/A,0.0,0.0
3,person,2026-08-14 01:25:40,2026-08-14 01:26:04,29.6,67.7,17.9,South,MOVING,Neutral,-0.05,0.24
1,person,2026-08-14 01:24:46,2026-08-14 01:26:05,84.3,74.7,10.0,North-East,MOVING,Neutral,-0.13,0.45
6,person,2026-08-14 01:26:16,2026-08-14 01:26:16,6.1,0.0,0.0,Static,STATIC,Neutral,0.14,0.28
4,person,2026-08-14 01:26:03,2026-08-14 01:26:17,19.9,65.8,14.7,North-West,MOVING,Neutral,-0.15,0.26
7,person,2026-08-14 01:26:28,2026-08-14 01:26:29,5.9,0.0,0.0,Static,STATIC,N/A,0.0,0.1
5,person,2026-08-14 01:26:15,2026-08-14 01:26:29,19.7,46.1,12.4,South,MOVING,Neutral,0.11,0.33
8,person,2026-08-14 01:26:29,2026-08-14 01:26:31,8.6,47.5,16.5,West,MOVING,Happy,-0.03,0.43
10,refrigerator,2026-08-14 01:26:32,2026-08-14 01:26:32,6.5,0.0,0.0,Static,STATIC,N/A,0.0,0.0
11,refrigerator,2026-08-14 01:26:39,2026-08-14 01:26:39,6.3,0.0,0.0,Static,STATIC,N/A,0.0,0.0
14,teddy bear,2026-08-14 01:27:06,2026-08-14 01:27:06,6.5,0.0,0.0,Static,STATIC,N/A,0.0,0.0
12,person,2026-08-14 01:26:56,2026-08-14 01:27:10,21.7,77.1,15.8,West,MOVING,Neutral,-0.14,0.22
15,cell phone,2026-08-14 01:27:07,2026-08-14 01:27:10,10.5,53.8,16.1,South-West,MOVING,N/A,0.0,0.0
16,parking meter,2026-08-14 01:27:13,2026-08-14 01:27:14,8.0,0.0,0.0,Static,STATIC,N/A,0.0,0.0
17,person,2026-08-14 01:27:15,2026-08-14 01:27:15,8.3,0.0,0.0,Static,STATIC,N/A,0.0,0.1
20,person,2026-08-14 01:27:18,2026-08-14 01:27:18,6.9,0.0,0.0,Static,STATIC,N/A,0.0,0.1
13,person,2026-08-14 01:27:03,2026-08-14 01:27:20,23.5,78.4,21.6,North-East,MOVING,N/A,0.0,0.1
9,person,2026-08-14 01:26:31,2026-08-14 01:27:20,55.2,74.3,10.3,South-West,MOVING,Neutral,-0.11,0.31
21,cell phone,2026-08-14 01:27:21,2026-08-14 01:27:22,6.4,0.0,0.0,Static,STATIC,N/A,0.0,0.0
19,cell phone,2026-08-14 01:27:16,2026-08-14 01:27:23,12.8,53.5,19.6,West,MOVING,N/A,0.0,0.0
22,remote,2026-08-14 01:28:17,2026-08-14 01:28:17,5.7,0.0,0.0,Static,STATIC,N/A,0.0,0.0
23,toothbrush,2026-08-14 01:28:18,2026-08-14 01:28:18,6.1,0.0,0.0,Static,MOVING,N/A,0.0,0.0
24,person,2026-08-14 01:28:20,2026-08-14 01:28:20,6.3,1.0,0.3,Static,MOVING,N/A,0.0,0.1
5,tie,2026-08-14 09:13:42,2026-08-14 09:13:47,34.6,4.0,1.4,West,STATIC,N/A,0.0,0.0
7,person,2026-08-14 09:13:55,2026-08-14 09:13:57,31.8,0.0,0.0,Static,MOVING,N/A,0.0,0.1
8,laptop,2026-08-14 09:13:57,2026-08-14 09:14:18,53.5,16.0,4.4,East,STATIC,N/A,0.0,0.0
12,person,2026-08-14 09:14:41,2026-08-14 09:14:42,21.0,0.0,0.0,Static,MOVING,Angry,-0.5,0.54
13,laptop,2026-08-14 09:14:41,2026-08-14 09:14:42,21.0,0.0,0.0,Static,MOVING,N/A,0.0,0.0
14,person,2026-08-14 09:14:41,2026-08-14 09:14:42,21.0,0.0,0.0,Static,MOVING,N/A,0.0,0.1
15,person,2026-08-14 09:14:43,2026-08-14 09:14:46,19.4,0.0,0.0,Static,MOVING,N/A,0.0,0.1
2,person,2026-08-16 11:56:47,2026-08-16 11:57:08,39.1,47.2,7.4,Static,STATIC,Neutral,-0.14,0.42
3,person,2026-08-16 11:56:53,2026-08-16 11:57:10,34.1,30.0,8.7,East,MOVING,Neutral,-0.07,0.51
4,cell phone,2026-08-16 11:57:17,2026-08-16 11:57:30,28.6,64.8,19.9,North-West,MOVING,N/A,0.0,0.0
5,person,2026-08-16 11:57:46,2026-08-16 11:57:49,26.1,21.9,7.9,South-West,MOVING,Neutral,0.05,0.5
8,person,2026-08-16 11:57:57,2026-08-16 11:57:57,24.0,0.0,0.0,Static,MOVING,Neutral,0.0,0.36
7,person,2026-08-16 11:57:54,2026-08-16 11:58:06,33.4,12.1,3.5,Static,MOVING,Neutral,0.01,0.4
6,person,2026-08-16 11:57:50,2026-08-16 11:58:29,57.1,43.6,8.9,North-East,MOVING,Neutral,-0.01,0.4
9,person,2026-08-16 11:58:30,2026-08-16 11:58:31,19.8,30.6,10.2,West,STATIC,N/A,0.0,0.1
10,person,2026-08-16 11:58:52,2026-08-16 11:58:53,20.9,0.0,0.0,Static,MOVING,Happy,0.74,0.58
11,person,2026-08-16 11:58:54,2026-08-16 11:59:12,20.8,48.2,10.2,South-East,MOVING,Neutral,-0.04,0.35
12,person,2026-08-16 11:59:13,2026-08-16 11:59:17,7.2,8.1,2.4,North,MOVING,N/A,0.0,0.1
14,person,2026-08-16 11:59:23,2026-08-16 11:59:27,6.4,18.0,6.1,North,MOVING,N/A,0.0,0.1
13,person,2026-08-16 11:59:23,2026-08-16 11:59:34,14.2,20.8,2.2,Static,STATIC,N/A,0.0,0.1
15,person,2026-08-16 11:59:31,2026-08-16 11:59:50,22.1,75.0,2.2,East,STATIC,N/A,0.0,0.1
17,person,2026-08-16 11:59:54,2026-08-16 11:59:57,5.5,3.2,1.5,Static,STATIC,N/A,0.0,0.1
18,person,2026-08-16 12:00:11,2026-08-16 12:00:12,3.1,5.0,2.6,South-East,MOVING,N/A,0.0,0.1
1,person,2026-08-16 11:56:47,2026-08-16 12:00:15,210.8,77.2,6.4,West,MOVING,Neutral,-0.03,0.44
19,person,2026-08-16 12:00:15,2026-08-16 12:00:16,3.0,65.5,19.9,East,MOVING,N/A,0.0,0.1
21,person,2026-08-16 12:00:33,2026-08-16 12:00:37,6.2,5.0,2.1,South,STATIC,N/A,0.0,0.1
22,person,2026-08-16 12:00:40,2026-08-16 12:00:40,3.6,33.1,16.6,East,MOVING,N/A,0.0,0.1
23,person,2026-08-16 12:01:13,2026-08-16 12:01:21,16.5,9.5,3.5,South-West,MOVING,N/A,0.0,0.1
16,person,2026-08-16 11:59:51,2026-08-16 12:01:28,109.0,79.3,3.1,North-West,STATIC,Neutral,0.19,0.45
20,bottle,2026-08-16 12:00:15,2026-08-16 12:01:36,92.4,77.9,7.8,South-East,MOVING,N/A,0.0,0.0
25,cell phone,2026-08-16 12:01:33,2026-08-16 12:01:42,19.5,59.4,15.2,West,MOVING,N/A,0.0,0.0
26,chair,2026-08-16 12:01:35,2026-08-16 12:01:43,18.6,46.7,15.6,West,STATIC,N/A,0.0,0.0
27,bottle,2026-08-16 12:01:36,2026-08-16 12:01:43,17.6,3.2,1.1,North,MOVING,N/A,0.0,0.0
28,person,2026-08-16 12:01:38,2026-08-16 12:01:43,15.3,21.1,8.1,North-East,MOVING,Neutral,0.04,0.49
29,person,2026-08-16 12:01:42,2026-08-16 12:01:43,11.2,0.0,0.0,Static,STATIC,Neutral,0.01,0.45
24,person,2026-08-16 12:01:33,2026-08-16 12:01:59,30.6,68.8,18.9,East,MOVING,Neutral,-0.02,0.4
32,cell phone,2026-08-16 12:02:08,2026-08-16 12:02:08,2.3,0.0,0.0,Static,STATIC,N/A,0.0,0.0
31,bus,2026-08-16 12:02:07,2026-08-16 12:02:08,3.7,25.0,8.6,West,MOVING,N/A,0.0,0.0
33,person,2026-08-16 12:02:12,2026-08-16 12:02:12,2.1,0.0,0.0,Static,MOVING,N/A,0.0,0.1
34,person,2026-08-16 12:02:12,2026-08-16 12:02:13,2.2,0.0,0.0,Static,MOVING,N/A,0.0,0.1
2,tie,2026-08-16 12:53:27,2026-08-16 12:53:28,10.2,0.0,0.0,Static,STATIC,N/A,0.0,0.0
3,cell phone,2026-08-16 12:53:55,2026-08-16 12:53:58,12.8,12.8,4.6,South,MOVING,N/A,0.0,0.0
4,cell phone,2026-08-16 12:54:30,2026-08-16 12:54:31,9.8,0.0,0.0,Static,MOVING,N/A,0.0,0.0
8,person,2026-08-16 12:55:04,2026-08-16 12:55:04,6.8,0.0,0.0,Static,MOVING,N/A,0.0,0.1
9,person,2026-08-16 12:55:05,2026-08-16 12:55:05,7.6,3.6,1.2,North-East,MOVING,N/A,0.0,0.1
10,person,2026-08-16 12:55:07,2026-08-16 12:55:07,8.6,21.0,7.0,East,MOVING,N/A,0.0,0.1
6,remote,2026-08-16 12:55:04,2026-08-16 12:55:08,12.4,68.5,24.1,North-West,MOVING,N/A,0.0,0.0
7,person,2026-08-16 12:55:04,2026-08-16 12:55:10,14.9,34.1,5.0,East,MOVING,N/A,0.0,0.1
5,person,2026-08-16 12:55:00,2026-08-16 12:55:10,19.8,74.7,19.7,South-East,MOVING,Neutral,-0.02,0.45
11,mouse,2026-08-16 12:55:10,2026-08-16 12:55:10,9.6,0.0,0.0,Static,MOVING,N/A,0.0,0.0
12,tie,2026-08-16 12:55:18,2026-08-16 12:55:19,10.3,1.4,0.5,Static,STATIC,N/A,0.0,0.0
3,cell phone,2026-08-17 10:30:21,2026-08-17 10:30:21,5.0,0.0,0.0,Static,STATIC,N/A,0.0,0.0
5,person,2026-08-17 10:30:26,2026-08-17 10:30:26,4.8,0.0,0.0,Static,STATIC,N/A,0.0,0.1
6,remote,2026-08-17 10:30:28,2026-08-17 10:30:28,5.6,0.0,0.0,Static,STATIC,N/A,0.0,0.0
7,cell phone,2026-08-17 10:30:28,2026-08-17 10:30:28,5.6,0.0,0.0,Static,STATIC,N/A,0.0,0.0
4,cell phone,2026-08-17 10:30:22,2026-08-17 10:30:28,12.6,43.1,14.8,East,MOVING,N/A,0.0,0.0
2,cell phone,2026-08-17 10:30:19,2026-08-17 10:30:29,15.9,43.1,7.4,West,MOVING,N/A,0.0,0.0
8,cell phone,2026-08-17 10:30:29,2026-08-17 10:30:30,6.4,38.4,12.8,North-West,MOVING,N/A,0.0,0.0
9,person,2026-08-17 10:30:30,2026-08-17 10:30:30,5.9,0.0,0.0,Static,STATIC,N/A,0.0,0.1
10,cell phone,2026-08-17 10:30:30,2026-08-17 10:30:40,14.0,38.6,8.7,Static,MOVING,N/A,0.0,0.0
11,person,2026-08-17 10:31:26,2026-08-17 10:31:27,6.9,53.0,25.6,North-West,MOVING,Happy,0.5,0.49
12,remote,2026-08-17 10:33:12,2026-08-17 10:33:12,4.6,0.0,0.0,Static,STATIC,N/A,0.0,0.0
13,person,2026-08-17 10:33:37,2026-08-17 10:33:38,5.6,6.1,2.1,West,MOVING,N/A,0.0,0.1
14,tennis racket,2026-08-17 10:33:42,2026-08-17 10:33:47,10.0,39.5,6.0,West,MOVING,N/A,0.0,0.0
1,person,2026-08-17 10:30:07,2026-08-17 10:35:27,325.7,69.5,3.7,North-West,STATIC,Sad,-0.37,0.33
16,remote,2026-08-17 10:35:37,2026-08-17 10:35:37,5.0,0.0,0.0,Static,STATIC,N/A,0.0,0.0
15,person,2026-08-17 10:35:27,2026-08-17 10:35:51,29.0,64.2,5.8,West,MOVING,Neutral,-0.33,0.25
18,remote,2026-08-17 10:36:01,2026-08-17 10:36:09,14.1,12.4,4.1,South,MOVING,N/A,0.0,0.0
19,frisbee,2026-08-17 10:36:26,2026-08-17 10:36:26,5.2,0.0,0.0,Static,STATIC,N/A,0.0,0.0
20,bed,2026-08-17 10:37:37,2026-08-17 10:37:37,4.0,0.0,0.0,Static,STATIC,N/A,0.0,0.0
17,couch,2026-08-17 10:35:51,2026-08-17 10:37:37,110.4,76.7,3.3,South-East,STATIC,N/A,0.0,0.0
22,tie,2026-08-17 10:37:42,2026-08-17 10:37:42,3.9,0.0,0.0,Static,STATIC,N/A,0.0,0.0
23,toothbrush,2026-08-17 10:38:28,2026-08-17 10:38:29,4.8,18.7,6.2,North,MOVING,N/A,0.0,0.0
24,cell phone,2026-08-17 10:38:40,2026-08-17 10:38:43,6.6,7.1,2.5,South,MOVING,N/A,0.0,0.0
25,toothbrush,2026-08-17 10:38:43,2026-08-17 10:38:43,4.8,5.0,2.0,North-West,MOVING,N/A,0.0,0.0
26,remote,2026-08-17 10:38:45,2026-08-17 10:38:45,4.2,32.1,10.7,South,MOVING,N/A,0.0,0.0
27,remote,2026-08-17 10:38:45,2026-08-17 10:38:45,4.0,0.0,0.0,Static,STATIC,N/A,0.0,0.0
28,person,2026-08-17 10:41:19,2026-08-17 10:41:19,3.9,0.0,0.0,Static,STATIC,N/A,0.0,0.1
29,cell phone,2026-08-17 10:42:32,2026-08-17 10:42:32,4.1,0.0,0.0,Static,STATIC,N/A,0.0,0.0
30,person,2026-08-17 10:42:47,2026-08-17 10:42:47,4.3,16.2,5.4,North,MOVING,Happy,0.8,0.6
31,person,2026-08-17 10:42:47,2026-08-17 10:42:48,4.4,40.8,13.6,North-East,MOVING,N/A,0.0,0.1
32,person,2026-08-17 10:43:12,2026-08-17 10:43:15,6.9,67.1,20.3,North,MOVING,Sad,-0.29,0.45
21,person,2026-08-17 10:37:37,2026-08-17 10:43:16,342.3,64.4,2.9,West,STATIC,Happy,0.36,0.48
34,person,2026-08-17 10:44:20,2026-08-17 10:44:20,4.2,0.0,0.0,Static,STATIC,N/A,0.0,0.1
35,toothbrush,2026-08-17 10:44:27,2026-08-17 10:44:27,4.6,4.1,1.4,West,MOVING,N/A,0.0,0.0
36,sports ball,2026-08-17 10:45:14,2026-08-17 10:45:14,4.1,0.0,0.0,Static,STATIC,N/A,0.0,0.0
33,person,2026-08-17 10:43:16,2026-08-17 10:45:14,122.6,52.2,4.5,North-East,MOVING,Happy,0.2,0.47
2,cell phone,2026-08-17 10:45:57,2026-08-17 10:45:59,6.8,68.2,18.3,Static,MOVING,N/A,0.0,0.0
3,remote,2026-08-17 10:46:03,2026-08-17 10:46:09,10.3,34.9,7.5,Static,MOVING,N/A,0.0,0.0
4,cell phone,2026-08-17 10:46:23,2026-08-17 10:46:23,4.6,0.0,0.0,Static,MOVING,N/A,0.0,0.0
6,cell phone,2026-08-17 10:46:27,2026-08-17 10:46:27,4.8,0.0,0.0,Static,MOVING,N/A,0.0,0.0
7,cell phone,2026-08-17 10:46:27,2026-08-17 10:46:27,4.8,0.0,0.0,Static,MOVING,N/A,0.0,0.0
8,cell phone,2026-08-17 10:46:27,2026-08-17 10:46:28,5.5,54.6,25.0,South-West,MOVING,N/A,0.0,0.0
5,cell phone,2026-08-17 10:46:23,2026-08-17 10:46:32,13.4,56.6,13.0,Static,MOVING,N/A,0.0,0.0
9,cell phone,2026-08-17 10:46:30,2026-08-17 10:46:32,7.1,99.4,53.8,East,MOVING,N/A,0.0,0.0
12,cell phone,2026-08-17 10:46:33,2026-08-17 10:46:33,4.7,0.0,0.0,Static,MOVING,N/A,0.0,0.0
11,cell phone,2026-08-17 10:46:33,2026-08-17 10:46:34,5.1,64.4,31.5,North,MOVING,N/A,0.0,0.0
10,person,2026-08-17 10:46:32,2026-08-17 10:46:34,5.9,64.0,26.1,West,MOVING,Neutral,-0.27,0.36
13,person,2026-08-17 10:47:25,2026-08-17 10:47:26,3.0,376.7,168.3,West,MOVING,Happy,0.39,0.45
1,person,2026-08-17 10:45:53,2026-08-17 10:47:27,96.3,138.6,12.0,North,MOVING,Sad,-0.31,0.33
1,person,2026-08-17 11:15:25,2026-08-17 11:15:34,13.3,56.3,9.9,East,MOVING,Sad,-0.47,0.27
3,chair,2026-08-17 11:15:35,2026-08-17 11:15:37,6.1,253.8,93.4,West,MOVING,N/A,0.0,0.0
6,cell phone,2026-08-17 11:15:38,2026-08-17 11:15:40,5.5,73.2,25.0,Static,MOVING,N/A,0.0,0.0
2,person,2026-08-17 11:15:33,2026-08-17 11:15:44,15.4,99.0,8.9,Static,MOVING,Sad,-0.4,0.25
5,cell phone,2026-08-17 11:15:36,2026-08-17 11:15:44,12.6,25.2,13.4,Static,MOVING,N/A,0.0,0.0
8,tv,2026-08-17 11:15:48,2026-08-17 11:15:49,5.5,28.3,9.4,South-East,MOVING,N/A,0.0,0.0
7,cell phone,2026-08-17 11:15:46,2026-08-17 11:15:52,10.2,129.8,37.4,East,MOVING,N/A,0.0,0.0
4,person,2026-08-17 11:15:36,2026-08-17 11:16:21,48.8,123.9,10.9,Static,MOVING,Sad,-0.37,0.26
10,person,2026-08-17 11:16:43,2026-08-17 11:16:43,4.0,0.0,0.0,Static,MOVING,Happy,0.34,0.49
11,cell phone,2026-08-17 11:16:51,2026-08-17 11:16:51,4.1,0.0,0.0,Static,MOVING,N/A,0.0,0.0
12,person,2026-08-17 11:17:17,2026-08-17 11:17:23,9.8,14.0,3.5,Static,MOVING,Neutral,0.03,0.44
13,person,2026-08-17 11:17:39,2026-08-17 11:17:39,4.3,0.0,0.0,Static,MOVING,Neutral,0.18,0.29
14,person,2026-08-17 11:18:43,2026-08-17 11:18:44,5.9,5.4,2.0,Static,MOVING,Happy,0.0,0.46
15,person,2026-08-17 11:18:58,2026-08-17 11:18:58,4.0,0.0,0.0,Static,MOVING,Neutral,-0.01,0.35
3,person,2026-08-20 13:09:02,2026-08-20 13:09:02,14.6,0.0,0.0,Static,MOVING,Neutral,-0.32,0.38
1,person,2026-08-20 13:08:58,2026-08-20 13:09:04,19.2,23.2,9.0,Static,MOVING,Neutral,-0.36,0.38
5,person,2026-08-20 13:09:04,2026-08-20 13:09:04,13.6,0.0,0.0,Static,MOVING,N/A,0.0,0.1
7,person,2026-08-20 13:09:07,2026-08-20 13:09:07,15.2,1.5,0.5,Static,MOVING,N/A,0.0,0.1
2,tie,2026-08-20 13:08:58,2026-08-20 13:09:14,39.9,2.8,1.1,Static,MOVING,N/A,0.0,0.0
4,bottle,2026-08-20 13:09:03,2026-08-20 13:09:15,37.2,43.3,8.8,Static,MOVING,N/A,0.0,0.0
10,person,2026-08-20 13:09:34,2026-08-20 13:09:34,14.0,0.0,0.0,Static,MOVING,N/A,0.0,0.1
9,tie,2026-08-20 13:09:09,2026-08-20 13:09:38,40.2,5.4,1.5,Static,MOVING,N/A,0.0,0.0
13,laptop,2026-08-20 13:09:55,2026-08-20 13:09:55,16.8,0.0,0.0,Static,MOVING,N/A,0.0,0.0
12,tie,2026-08-20 13:09:53,2026-08-20 13:09:56,20.8,28.8,10.7,Static,MOVING,N/A,0.0,0.0
15,person,2026-08-20 13:10:27,2026-08-20 13:10:27,25.4,0.0,0.0,Static,MOVING,N/A,0.0,0.1
16,person,2026-08-20 13:10:29,2026-08-20 13:10:37,26.5,5.4,1.6,Static,MOVING,N/A,0.0,0.1
17,person,2026-08-20 13:10:39,2026-08-20 13:10:39,16.9,0.0,0.0,Static,MOVING,Neutral,-0.25,0.31
6,person,2026-08-20 13:09:04,2026-08-20 13:10:41,112.8,45.7,4.9,Static,MOVING,Neutral,-0.22,0.39
14,tie,2026-08-20 13:10:10,2026-08-20 13:10:44,54.4,2.6,1.0,Static,MOVING,N/A,0.0,0.0
18,person,2026-08-20 13:10:50,2026-08-20 13:11:02,36.4,64.7,17.2,Static,MOVING,Angry,-0.45,0.46
8,person,2026-08-20 13:09:09,2026-08-20 13:11:14,140.8,7.6,1.8,Static,MOVING,Angry,-0.41,0.49
11,person,2026-08-20 13:09:38,2026-08-20 13:11:24,124.4,18.1,3.8,Static,MOVING,Neutral,-0.33,0.42
23,person,2026-08-20 13:11:24,2026-08-20 13:11:26,25.1,12.6,4.2,Static,MOVING,Angry,-0.56,0.68
20,person,2026-08-20 13:11:04,2026-08-20 13:11:29,54.1,27.8,7.9,Static,MOVING,Happy,0.17,0.52
25,laptop,2026-08-20 13:11:29,2026-08-20 13:11:32,33.0,2.3,0.5,Static,MOVING,N/A,0.0,0.0
19,person,2026-08-20 13:10:58,2026-08-20 13:11:48,78.8,4.2,1.5,Static,MOVING,Neutral,0.05,0.54
24,laptop,2026-08-20 13:11:26,2026-08-20 13:11:57,51.6,24.6,4.0,Static,MOVING,N/A,0.0,0.0
26,person,2026-08-20 13:11:52,2026-08-20 13:12:00,27.4,3.9,1.4,Static,MOVING,Angry,-0.55,0.7
21,person,2026-08-20 13:11:17,2026-08-20 13:12:08,62.7,14.8,3.5,Static,MOVING,Neutral,-0.22,0.48
27,person,2026-08-20 13:12:09,2026-08-20 13:12:23,17.1,11.7,5.6,Static,MOVING,N/A,0.0,0.1
31,tie,2026-08-20 13:12:24,2026-08-20 13:12:24,2.8,31.8,10.6,South-West,MOVING,N/A,0.0,0.0
32,person,2026-08-20 13:12:29,2026-08-20 13:12:29,29.3,0.0,0.0,Static,STATIC,N/A,0.0,0.1
29,person,2026-08-20 13:12:21,2026-08-20 13:12:38,43.3,49.9,9.2,Static,STATIC,N/A,0.0,0.1
28,person,2026-08-20 13:12:21,2026-08-20 13:12:49,48.7,36.7,9.5,Static,MOVING,Angry,-0.39,0.59
34,person,2026-08-20 13:13:05,2026-08-20 13:13:05,12.6,17.5,5.8,East,MOVING,Angry,-0.12,0.51
33,person,2026-08-20 13:12:59,2026-08-20 13:13:08,21.3,3.6,1.3,Static,MOVING,Angry,-0.12,0.51
22,person,2026-08-20 13:11:21,2026-08-20 13:13:10,120.0,99.0,13.0,Static,MOVING,Angry,-0.41,0.46
36,laptop,2026-08-20 13:13:10,2026-08-20 13:13:12,13.9,7.2,2.4,Static,STATIC,N/A,0.0,0.0
38,person,2026-08-20 13:13:27,2026-08-20 13:13:27,27.7,0.0,0.0,Static,MOVING,Neutral,-0.26,0.54
40,laptop,2026-08-20 13:13:30,2026-08-20 13:13:30,24.8,0.0,0.0,Static,STATIC,N/A,0.0,0.0
39,laptop,2026-08-20 13:13:29,2026-08-20 13:13:35,27.0,6.7,1.9,Static,STATIC,N/A,0.0,0.0
30,person,2026-08-20 13:12:23,2026-08-20 13:13:55,104.6,28.5,6.0,Static,MOVING,Angry,-0.31,0.56
42,tie,2026-08-20 13:14:06,2026-08-20 13:14:06,19.2,0.0,0.0,Static,MOVING,N/A,0.0,0.0
45,person,2026-08-20 13:14:11,2026-08-20 13:14:11,22.4,0.0,0.0,Static,STATIC,Angry,-0.43,0.64
46,person,2026-08-20 13:14:11,2026-08-20 13:14:13,27.9,32.1,15.2,North,MOVING,N/A,0.0,0.1
44,tie,2026-08-20 13:14:09,2026-08-20 13:14:16,33.6,4.1,1.4,Static,MOVING,N/A,0.0,0.0
47,tie,2026-08-20 13:14:24,2026-08-20 13:14:25,20.5,40.8,13.6,West,STATIC,N/A,0.0,0.0
35,person,2026-08-20 13:13:09,2026-08-20 13:14:44,117.1,41.1,8.0,Static,MOVING,Neutral,0.03,0.41
41,person,2026-08-20 13:13:33,2026-08-20 13:14:57,106.8,15.8,3.1,Static,MOVING,Angry,-0.41,0.6
37,person,2026-08-20 13:13:15,2026-08-20 13:15:04,129.4,30.2,5.5,Static,MOVING,Fear,-0.14,0.57
50,tie,2026-08-20 13:14:48,2026-08-20 13:15:11,41.0,2.7,1.1,Static,MOVING,N/A,0.0,0.0
52,person,2026-08-20 13:15:30,2026-08-20 13:16:17,52.8,5.3,1.5,Static,MOVING,Neutral,0.01,0.44
53,tie,2026-08-20 13:15:35,2026-08-20 13:16:17,48.7,3.6,1.0,Static,STATIC,N/A,0.0,0.0
54,laptop,2026-08-20 13:15:36,2026-08-20 13:16:18,49.5,1.5,0.5,Static,MOVING,N/A,0.0,0.0
55,laptop,2026-08-20 13:16:11,2026-08-20 13:16:18,14.7,3.9,1.9,Static,MOVING,N/A,0.0,0.0
56,person,2026-08-20 13:16:21,2026-08-20 13:16:22,13.0,3.2,1.1,Static,MOVING,N/A,0.0,0.1
57,person,2026-08-20 13:16:24,2026-08-20 13:16:28,16.4,4.6,1.9,Static,MOVING,Angry,-0.37,0.47
48,laptop,2026-08-20 13:14:47,2026-08-20 13:16:47,130.8,4.6,1.1,Static,STATIC,N/A,0.0,0.0
51,person,2026-08-20 13:14:50,2026-08-20 13:16:51,132.6,29.5,6.3,Static,MOVING,Angry,-0.25,0.51
61,person,2026-08-20 13:16:52,2026-08-20 13:16:55,13.8,10.4,3.6,Static,MOVING,Neutral,0.03,0.49
59,laptop,2026-08-20 13:16:45,2026-08-20 13:17:11,42.8,7.8,2.0,Static,STATIC,N/A,0.0,0.0
62,laptop,2026-08-20 13:16:58,2026-08-20 13:17:11,29.6,9.1,2.3,Static,MOVING,N/A,0.0,0.0
43,person,2026-08-20 13:14:09,2026-08-20 13:17:25,206.2,33.4,4.3,Static,MOVING,Happy,-0.04,0.45
58,tie,2026-08-20 13:16:39,2026-08-20 13:17:37,68.9,6.5,2.7,Static,MOVING,N/A,0.0,0.0
63,person,2026-08-20 13:17:28,2026-08-20 13:17:38,20.6,66.4,15.7,Static,MOVING,Angry,-0.48,0.57
60,person,2026-08-20 13:16:50,2026-08-20 13:17:39,60.6,2.0,0.6,Static,STATIC,N/A,0.0,0.1
65,person,2026-08-20 13:17:36,2026-08-20 13:17:42,16.2,1.5,0.5,Static,STATIC,N/A,0.0,0.1
68,laptop,2026-08-20 13:18:01,2026-08-20 13:18:01,3.2,0.0,0.0,Static,MOVING,N/A,0.0,0.0
69,person,2026-08-20 13:18:02,2026-08-20 13:18:04,4.5,149.4,38.2,Static,MOVING,N/A,0.0,0.1
64,person,2026-08-20 13:17:28,2026-08-20 13:18:04,38.7,72.5,10.7,Static,MOVING,Angry,-0.34,0.46
67,laptop,2026-08-20 13:18:00,2026-08-20 13:18:07,10.1,31.3,11.6,West,MOVING,N/A,0.0,0.0
66,person,2026-08-20 13:17:37,2026-08-20 13:18:07,34.1,47.7,9.6,West,MOVING,Disgust,-0.34,0.44
73,tie,2026-08-20 13:18:07,2026-08-20 13:18:08,4.2,9.6,2.7,Static,MOVING,N/A,0.0,0.0
70,person,2026-08-20 13:18:06,2026-08-20 13:18:08,5.8,99.5,54.2,North-East,MOVING,Neutral,-0.09,0.34
76,person,2026-08-20 13:18:10,2026-08-20 13:18:10,3.2,0.0,0.0,Static,MOVING,N/A,0.0,0.1
77,laptop,2026-08-20 13:18:11,2026-08-20 13:18:11,3.4,45.8,15.3,South-West,MOVING,N/A,0.0,0.0
78,laptop,2026-08-20 13:18:11,2026-08-20 13:18:12,4.2,23.2,6.3,Static,MOVING,N/A,0.0,0.0
79,tie,2026-08-20 13:18:13,2026-08-20 13:18:13,3.6,50.9,17.0,West,MOVING,N/A,0.0,0.0
75,person,2026-08-20 13:18:10,2026-08-20 13:18:13,6.1,3.9,1.9,Static,MOVING,Happy,0.1,0.46
9,tie,2026-08-20 13:27:33,2026-08-20 13:27:33,10.0,0.0,0.0,Static,STATIC,N/A,0.0,0.0
4,person,2026-08-20 13:27:18,2026-08-20 13:27:35,27.0,25.7,8.7,Static,MOVING,Neutral,0.01,0.37
5,person,2026-08-20 13:27:21,2026-08-20 13:27:37,25.8,15.3,2.0,North-West,MOVING,Neutral,-0.27,0.44
10,person,2026-08-20 13:27:38,2026-08-20 13:27:42,14.0,42.7,13.7,Static,MOVING,Disgust,-0.07,0.44
11,tie,2026-08-20 13:27:44,2026-08-20 13:27:44,9.7,0.0,0.0,Static,STATIC,N/A,0.0,0.0
8,person,2026-08-20 13:27:33,2026-08-20 13:27:45,20.9,41.6,8.1,Static,MOVING,Angry,-0.12,0.45
12,person,2026-08-20 13:27:45,2026-08-20 13:27:45,8.9,0.0,0.0,Static,STATIC,Disgust,-0.37,0.39
3,tie,2026-08-20 13:27:18,2026-08-20 13:27:50,40.2,17.4,3.8,Static,MOVING,N/A,0.0,0.0
14,tie,2026-08-20 13:28:02,2026-08-20 13:28:02,10.0,0.0,0.0,Static,STATIC,N/A,0.0,0.0
15,tie,2026-08-20 13:28:02,2026-08-20 13:28:02,10.0,0.0,0.0,Static,STATIC,N/A,0.0,0.0
13,person,2026-08-20 13:28:00,2026-08-20 13:28:03,14.4,10.6,3.1,Static,MOVING,N/A,0.0,0.1
2,person,2026-08-20 13:27:18,2026-08-20 13:28:08,59.2,18.3,2.4,Static,MOVING,Neutral,0.05,0.38
17,person,2026-08-20 13:28:13,2026-08-20 13:28:13,10.6,0.0,0.0,Static,STATIC,Angry,-0.34,0.44
18,tie,2026-08-20 13:28:14,2026-08-20 13:28:22,18.4,12.4,4.2,Static,MOVING,N/A,0.0,0.0
19,person,2026-08-20 13:28:17,2026-08-20 13:28:28,21.8,13.4,4.4,Static,MOVING,N/A,0.0,0.1
21,person,2026-08-20 13:28:32,2026-08-20 13:28:41,20.1,26.3,7.0,Static,MOVING,Happy,0.33,0.47
16,person,2026-08-20 13:28:06,2026-08-20 13:28:49,53.8,7.8,2.3,Static,MOVING,Angry,-0.42,0.47
23,person,2026-08-20 13:28:48,2026-08-20 13:28:49,11.2,0.0,0.0,Static,STATIC,Disgust,-0.48,0.38
22,person,2026-08-20 13:28:43,2026-08-20 13:29:01,29.9,5.4,1.9,Static,MOVING,Disgust,-0.39,0.36
6,person,2026-08-20 13:27:29,2026-08-20 13:29:03,106.3,37.9,5.3,North-East,MOVING,Neutral,-0.11,0.37
24,person,2026-08-20 13:29:03,2026-08-20 13:29:03,12.4,0.0,0.0,Static,STATIC,N/A,0.0,0.1
20,laptop,2026-08-20 13:28:17,2026-08-20 13:29:22,74.3,28.3,1.9,Static,MOVING,N/A,0.0,0.0
1,person,2026-08-20 13:27:18,2026-08-20 13:29:23,133.4,36.4,5.8,Static,MOVING,Angry,-0.35,0.47
25,person,2026-08-20 13:29:10,2026-08-20 13:29:23,22.2,3.8,0.7,Static,MOVING,N/A,0.0,0.1
26,person,2026-08-20 13:29:51,2026-08-20 13:29:52,8.5,143.7,47.9,South,MOVING,N/A,0.0,0.1
27,person,2026-08-20 13:29:52,2026-08-20 13:29:52,8.0,0.0,0.0,Static,STATIC,N/A,0.0,0.1
30,laptop,2026-08-20 13:30:10,2026-08-20 13:30:10,9.9,0.0,0.0,Static,STATIC,N/A,0.0,0.0
3,person,2026-08-20 13:47:19,2026-08-20 13:47:27,10.5,41.0,7.6,West,MOVING,Angry,-0.36,0.54
5,person,2026-08-20 13:47:27,2026-08-20 13:47:27,3.2,0.0,0.0,Static,STATIC,N/A,0.0,0.1
6,person,2026-08-20 13:47:28,2026-08-20 13:47:29,3.6,6.9,3.7,Static,MOVING,Neutral,-0.22,0.49
2,person,2026-08-20 13:54:26,2026-08-20 13:54:27,9.7,1.9,0.6,Static,MOVING,Angry,-0.45,0.43
3,person,2026-08-20 13:54:26,2026-08-20 13:54:27,9.7,2.6,0.9,Static,MOVING,N/A,0.0,0.1
7,person,2026-08-20 13:54:28,2026-08-20 13:54:28,7.9,0.0,0.0,Static,MOVING,N/A,0.0,0.1
6,person,2026-08-20 13:54:28,2026-08-20 13:54:39,27.6,114.5,14.1,Static,MOVING,Neutral,-0.34,0.43
4,person,2026-08-20 13:54:26,2026-08-20 13:54:45,31.2,20.0,6.6,Static,MOVING,Neutral,-0.24,0.45
5,person,2026-08-20 13:54:26,2026-08-20 13:54:46,32.5,21.5,7.1,Static,MOVING,Happy,-0.01,0.52
12,person,2026-08-20 13:54:45,2026-08-20 13:54:46,13.1,0.0,0.0,Static,MOVING,Angry,-0.21,0.49
8,person,2026-08-20 13:54:28,2026-08-20 13:54:47,31.2,51.3,7.1,Static,MOVING,Neutral,-0.2,0.45
15,person,2026-08-20 13:54:48,2026-08-20 13:54:48,12.4,0.0,0.0,Static,MOVING,N/A,0.0,0.1
10,person,2026-08-20 13:54:44,2026-08-20 13:54:55,21.4,25.8,8.6,East,MOVING,Neutral,-0.2,0.41
17,person,2026-08-20 13:54:55,2026-08-20 13:54:55,9.6,0.0,0.0,Static,MOVING,Disgust,-0.48,0.4
16,person,2026-08-20 13:54:49,2026-08-20 13:54:59,19.2,23.1,4.3,Static,MOVING,Happy,0.1,0.44
11,person,2026-08-20 13:54:44,2026-08-20 13:55:00,26.0,51.9,7.0,Static,MOVING,Happy,0.13,0.54
2,tv,2026-08-20 13:57:18,2026-08-20 13:59:12,125.5,0.9,0.2,Static,STATIC,N/A,0.0,0.0
3,tv,2026-08-20 13:57:19,2026-08-20 13:59:12,124.8,14.4,1.1,Static,STATIC,N/A,0.0,0.0
1,person,2026-08-20 13:57:15,2026-08-20 14:01:09,236.8,35.9,1.9,West,STATIC,Neutral,-0.05,0.34
5,person,2026-08-20 14:01:08,2026-08-20 14:01:10,3.8,19.2,8.1,Static,MOVING,Neutral,0.02,0.24
7,person,2026-08-20 14:01:15,2026-08-20 14:01:17,5.0,22.8,5.1,Static,MOVING,Neutral,-0.07,0.27
4,tv,2026-08-20 13:59:59,2026-08-20 14:01:26,89.5,12.2,1.1,Static,STATIC,N/A,0.0,0.0
8,tv,2026-08-20 14:01:29,2026-08-20 14:01:56,29.4,3.3,0.6,Static,STATIC,N/A,0.0,0.0
9,tv,2026-08-20 14:01:29,2026-08-20 14:01:56,29.4,12.8,2.8,Static,MOVING,N/A,0.0,0.0
11,person,2026-08-20 14:02:50,2026-08-20 14:02:50,2.2,0.0,0.0,Static,MOVING,Neutral,-0.05,0.19
12,person,2026-08-20 14:03:22,2026-08-20 14:03:22,2.1,0.0,0.0,Static,STATIC,Neutral,-0.06,0.34
13,person,2026-08-20 14:03:22,2026-08-20 14:03:23,3.8,40.6,9.2,Static,MOVING,Neutral,-0.02,0.3
10,tv,2026-08-20 14:02:21,2026-08-20 14:04:12,113.5,12.9,1.1,Static,STATIC,N/A,0.0,0.0
14,tv,2026-08-20 14:03:44,2026-08-20 14:04:12,30.2,14.9,3.0,Static,MOVING,N/A,0.0,0.0
6,person,2026-08-20 14:01:10,2026-08-20 14:05:40,272.3,53.3,2.4,Static,STATIC,Neutral,-0.04,0.32
17,person,2026-08-20 14:05:46,2026-08-20 14:05:46,2.1,0.0,0.0,Static,MOVING,Neutral,-0.03,0.21
15,tv,2026-08-20 14:04:37,2026-08-20 14:05:56,81.1,14.0,1.2,Static,STATIC,N/A,0.0,0.0
18,tv,2026-08-20 14:05:59,2026-08-20 14:06:37,55.0,5.1,0.8,Static,STATIC,N/A,0.0,0.0
19,tv,2026-08-20 14:05:59,2026-08-20 14:06:37,54.8,26.5,3.2,Static,MOVING,N/A,0.0,0.0
2,tv,2026-08-21 14:33:29,2026-08-21 14:34:01,37.2,2.1,0.4,Static,STATIC,N/A,0.0,0.0
3,tv,2026-08-21 14:33:30,2026-08-21 14:34:01,36.8,11.0,1.6,Static,STATIC,N/A,0.0,0.0
5,person,2026-08-21 14:35:50,2026-08-21 14:35:51,5.9,15.4,4.9,Static,MOVING,Neutral,-0.1,0.34
4,tv,2026-08-21 14:34:33,2026-08-21 14:36:46,137.9,8.4,0.6,Static,STATIC,N/A,0.0,0.0
6,tv,2026-08-21 14:36:15,2026-08-21 14:36:46,35.6,14.6,1.9,Static,STATIC,N/A,0.0,0.0
8,person,2026-08-21 14:38:30,2026-08-21 14:38:31,5.1,5.8,2.2,Static,MOVING,Neutral,0.04,0.27
7,tv,2026-08-21 14:37:18,2026-08-21 14:39:23,129.4,9.4,0.7,Static,STATIC,N/A,0.0,0.0
9,tv,2026-08-21 14:38:54,2026-08-21 14:39:23,32.9,10.6,2.2,Static,MOVING,N/A,0.0,0.0
11,person,2026-08-21 14:41:05,2026-08-21 14:41:07,5.6,39.3,9.0,Static,MOVING,Neutral,-0.03,0.36
10,tv,2026-08-21 14:39:53,2026-08-21 14:41:59,131.2,9.6,0.7,Static,STATIC,N/A,0.0,0.0
12,tv,2026-08-21 14:41:30,2026-08-21 14:41:59,34.3,9.2,1.9,Static,STATIC,N/A,0.0,0.0
14,person,2026-08-21 14:43:41,2026-08-21 14:43:43,5.6,20.9,5.0,Static,MOVING,Neutral,-0.04,0.26
13,tv,2026-08-21 14:42:29,2026-08-21 14:44:36,132.0,10.0,0.7,Static,STATIC,N/A,0.0,0.0
15,tv,2026-08-21 14:44:06,2026-08-21 14:44:36,34.9,8.7,1.6,Static,STATIC,N/A,0.0,0.0
17,person,2026-08-21 14:46:18,2026-08-21 14:46:19,5.6,10.4,3.5,Static,MOVING,Neutral,0.02,0.29
16,tv,2026-08-21 14:45:06,2026-08-21 14:47:11,129.6,17.3,0.7,Static,STATIC,N/A,0.0,0.0
18,tv,2026-08-21 14:46:42,2026-08-21 14:47:11,33.8,9.0,2.5,Static,MOVING,N/A,0.0,0.0
20,person,2026-08-21 14:48:13,2026-08-21 14:48:13,3.6,0.0,0.0,Static,STATIC,Neutral,0.09,0.3
1,person,2026-08-21 14:33:27,2026-08-21 14:48:51,927.3,28.2,1.6,Static,STATIC,Neutral,-0.04,0.32
19,tv,2026-08-21 14:47:40,2026-08-21 14:49:41,124.6,9.0,0.7,Static,STATIC,N/A,0.0,0.0
22,tv,2026-08-21 14:49:13,2026-08-21 14:49:41,31.8,6.8,2.3,Static,MOVING,N/A,0.0,0.0
24,person,2026-08-21 14:51:19,2026-08-21 14:51:21,5.2,5.5,1.7,Static,MOVING,Neutral,-0.04,0.38
25,person,2026-08-21 14:51:21,2026-08-21 14:51:21,3.6,0.0,0.0,Static,STATIC,Neutral,-0.16,0.51
26,person,2026-08-21 14:51:27,2026-08-21 14:51:33,9.9,4.4,2.3,Static,MOVING,Neutral,-0.05,0.41
23,tv,2026-08-21 14:50:10,2026-08-21 14:52:11,125.6,11.1,0.7,Static,STATIC,N/A,0.0,0.0
27,tv,2026-08-21 14:51:43,2026-08-21 14:52:11,32.1,6.9,1.8,Static,STATIC,N/A,0.0,0.0
29,person,2026-08-21 14:53:47,2026-08-21 14:53:48,2.5,15.2,6.1,Static,MOVING,Neutral,0.06,0.3
2,tv,2026-08-21 14:54:12,2026-08-21 14:54:44,37.1,1.3,0.4,Static,STATIC,N/A,0.0,0.0
3,tv,2026-08-21 14:54:13,2026-08-21 14:54:44,36.6,13.8,2.3,Static,STATIC,N/A,0.0,0.0
2,tv,2026-09-24 21:58:46,2026-09-24 21:59:17,32.2,5.6,0.5,Static,STATIC,N/A,0.0,0.0
3,tv,2026-09-24 21:58:46,2026-09-24 21:59:17,32.2,16.7,2.9,Static,MOVING,N/A,0.0,0.0
1,person,2026-09-24 21:58:44,2026-09-24 22:00:44,121.4,82.3,2.6,Static,STATIC,Neutral,-0.04,0.33
6,person,2026-09-24 22:00:50,2026-09-24 22:00:50,1.3,0.0,0.0,Static,STATIC,Neutral,0.07,0.31
4,tv,2026-09-24 21:59:43,2026-09-24 22:00:59,77.4,24.4,1.3,Static,STATIC,N/A,0.0,0.0
8,tv,2026-09-24 22:01:02,2026-09-24 22:01:07,6.8,18.5,6.3,Static,MOVING,N/A,0.0,0.0
7,tv,2026-09-24 22:01:02,2026-09-24 22:01:25,24.4,5.5,1.2,Static,STATIC,N/A,0.0,0.0
9,tv,2026-09-24 22:01:09,2026-09-24 22:01:25,17.4,26.3,5.5,Static,MOVING,N/A,0.0,0.0
11,person,2026-09-24 22:02:14,2026-09-24 22:02:14,1.3,0.0,0.0,Static,STATIC,Neutral,-0.05,0.25
12,person,2026-09-24 22:02:43,2026-09-24 22:02:44,2.7,17.5,7.8,East,MOVING,Neutral,0.02,0.29
5,person,2026-09-24 22:00:43,2026-09-24 22:02:50,128.4,71.7,3.8,West,MOVING,Neutral,-0.04,0.32
10,tv,2026-09-24 22:01:47,2026-09-24 22:02:59,73.0,31.2,1.7,Static,STATIC,N/A,0.0,0.0
15,tv,2026-09-24 22:03:02,2026-09-24 22:03:07,6.7,25.3,6.7,Static,MOVING,N/A,0.0,0.0
14,tv,2026-09-24 22:03:02,2026-09-24 22:03:25,24.4,5.5,1.1,Static,STATIC,N/A,0.0,0.0
16,tv,2026-09-24 22:03:09,2026-09-24 22:03:25,17.5,89.0,6.2,Static,MOVING,N/A,0.0,0.0
18,person,2026-09-24 22:04:14,2026-09-24 22:04:14,1.3,0.0,0.0,Static,STATIC,Neutral,-0.01,0.24
19,person,2026-09-24 22:04:43,2026-09-24 22:04:45,2.8,16.1,7.6,Static,MOVING,Neutral,-0.04,0.25
20,person,2026-09-24 22:04:50,2026-09-24 22:04:50,1.4,0.0,0.0,Static,STATIC,Neutral,-0.1,0.25
17,tv,2026-09-24 22:03:48,2026-09-24 22:04:59,73.2,20.7,1.8,Static,STATIC,N/A,0.0,0.0
22,tv,2026-09-24 22:05:02,2026-09-24 22:05:08,6.9,19.3,6.6,Static,MOVING,N/A,0.0,0.0
21,tv,2026-09-24 22:05:02,2026-09-24 22:05:25,24.3,4.9,1.1,Static,STATIC,N/A,0.0,0.0
23,tv,2026-09-24 22:05:09,2026-09-24 22:05:25,17.4,36.1,5.4,Static,MOVING,N/A,0.0,0.0
25,person,2026-09-24 22:06:14,2026-09-24 22:06:14,1.3,0.0,0.0,Static,STATIC,Happy,0.71,0.56
26,person,2026-09-24 22:06:43,2026-09-24 22:06:44,2.6,21.2,7.8,East,MOVING,Neutral,-0.01,0.3
27,person,2026-09-24 22:06:49,2026-09-24 22:06:50,2.5,0.8,0.3,Static,MOVING,Neutral,-0.11,0.23
24,tv,2026-09-24 22:05:48,2026-09-24 22:06:59,72.7,30.0,1.8,Static,STATIC,N/A,0.0,0.0
29,tv,2026-09-24 22:07:02,2026-09-24 22:07:07,6.8,22.7,6.4,Static,MOVING,N/A,0.0,0.0
28,tv,2026-09-24 22:07:02,2026-09-24 22:07:25,24.4,5.4,1.1,Static,STATIC,N/A,0.0,0.0
30,tv,2026-09-24 22:07:09,2026-09-24 22:07:25,17.3,31.4,5.0,Static,MOVING,N/A,0.0,0.0
32,person,2026-09-24 22:08:14,2026-09-24 22:08:14,1.3,0.0,0.0,Static,STATIC,Neutral,-0.07,0.3
33,person,2026-09-24 22:08:43,2026-09-24 22:08:44,2.7,20.6,7.4,Static,MOVING,Neutral,-0.02,0.29
34,person,2026-09-24 22:08:50,2026-09-24 22:08:50,1.4,0.0,0.0,Static,STATIC,Neutral,0.02,0.23
31,tv,2026-09-24 22:07:47,2026-09-24 22:08:59,72.7,32.7,1.7,Static,STATIC,N/A,0.0,0.0
36,tv,2026-09-24 22:09:02,2026-09-24 22:09:07,6.5,19.8,5.8,Static,MOVING,N/A,0.0,0.0
35,tv,2026-09-24 22:09:01,2026-09-24 22:09:24,24.4,7.5,1.2,Static,STATIC,N/A,0.0,0.0
37,tv,2026-09-24 22:09:08,2026-09-24 22:09:24,17.5,22.1,6.1,Static,MOVING,N/A,0.0,0.0
39,person,2026-09-24 22:10:14,2026-09-24 22:10:14,1.3,0.0,0.0,Static,STATIC,Happy,0.6,0.51
40,person,2026-09-24 22:10:46,2026-09-24 22:10:48,7.8,4.5,1.5,Static,MOVING,Neutral,0.03,0.27
38,tv,2026-09-24 22:09:47,2026-09-24 22:11:46,125.1,18.1,1.8,Static,STATIC,N/A,0.0,0.0
41,tv,2026-09-24 22:11:14,2026-09-24 22:11:46,38.3,13.4,1.4,Static,STATIC,N/A,0.0,0.0
43,person,2026-09-24 22:13:37,2026-09-24 22:13:39,8.2,6.7,2.5,Static,MOVING,Neutral,-0.06,0.2
44,person,2026-09-24 22:13:47,2026-09-24 22:13:47,6.1,0.0,0.0,Static,STATIC,Neutral,-0.12,0.49
42,tv,2026-09-24 22:12:18,2026-09-24 22:14:37,144.5,6.9,0.5,Static,STATIC,N/A,0.0,0.0
45,tv,2026-09-24 22:14:04,2026-09-24 22:14:37,38.6,16.0,1.6,Static,STATIC,N/A,0.0,0.0
47,person,2026-09-24 22:15:48,2026-09-24 22:15:48,6.0,0.0,0.0,Static,STATIC,Neutral,-0.11,0.21
48,person,2026-09-24 22:16:30,2026-09-24 22:16:32,8.0,6.3,2.1,Static,MOVING,Neutral,0.01,0.23
46,tv,2026-09-24 22:15:09,2026-09-24 22:17:31,149.1,6.3,0.4,Static,STATIC,N/A,0.0,0.0
49,tv,2026-09-24 22:16:58,2026-09-24 22:17:31,40.9,6.8,1.6,Static,STATIC,N/A,0.0,0.0
51,person,2026-09-24 22:18:44,2026-09-24 22:18:44,6.1,0.0,0.0,Static,STATIC,Neutral,-0.07,0.26
52,person,2026-09-24 22:19:25,2026-09-24 22:19:27,8.2,1.9,0.6,Static,MOVING,Neutral,-0.04,0.25
50,tv,2026-09-24 22:18:05,2026-09-24 22:20:26,147.5,6.5,0.5,Static,STATIC,N/A,0.0,0.0
53,tv,2026-09-24 22:19:53,2026-09-24 22:20:26,39.3,2.7,1.1,Static,STATIC,N/A,0.0,0.0
55,person,2026-09-24 22:22:18,2026-09-24 22:22:20,7.7,6.6,2.2,Static,MOVING,Neutral,0.0,0.18
56,person,2026-09-24 22:22:28,2026-09-24 22:22:33,11.7,1.0,0.3,Static,MOVING,Neutral,-0.09,0.22
54,tv,2026-09-24 22:20:59,2026-09-24 22:23:18,145.1,6.2,0.5,Static,STATIC,N/A,0.0,0.0
57,tv,2026-09-24 22:22:45,2026-09-24 22:23:18,39.2,10.4,1.5,Static,STATIC,N/A,0.0,0.0
13,person,2026-09-24 22:02:50,2026-09-24 22:25:11,1347.2,78.2,3.0,Static,MOVING,Neutral,-0.04,0.32
60,person,2026-09-24 22:25:19,2026-09-24 22:25:19,6.1,0.0,0.0,Static,STATIC,Neutral,0.01,0.23
58,tv,2026-09-24 22:23:50,2026-09-24 22:26:09,145.4,4.7,0.5,Static,STATIC,N/A,0.0,0.0
61,tv,2026-09-24 22:25:36,2026-09-24 22:26:09,39.3,9.0,1.7,Static,STATIC,N/A,0.0,0.0
63,person,2026-09-24 22:28:02,2026-09-24 22:28:02,6.9,0.0,0.0,Static,MOVING,Neutral,0.01,0.36
64,person,2026-09-24 22:28:12,2026-09-24 22:28:12,5.8,0.0,0.0,Static,STATIC,Surprised,0.0,0.53
62,tv,2026-09-24 22:26:42,2026-09-24 22:29:00,144.5,10.0,0.5,Static,STATIC,N/A,0.0,0.0
65,tv,2026-09-24 22:28:29,2026-09-24 22:29:00,38.1,19.1,2.1,Static,STATIC,N/A,0.0,0.0
67,person,2026-09-24 22:30:56,2026-09-24 22:30:58,8.2,6.8,2.6,Static,MOVING,Neutral,-0.12,0.42
68,person,2026-09-24 22:31:06,2026-09-24 22:31:06,6.2,0.0,0.0,Static,STATIC,Neutral,-0.08,0.3
66,tv,2026-09-24 22:29:34,2026-09-24 22:31:59,151.2,6.9,0.5,Static,STATIC,N/A,0.0,0.0
69,tv,2026-09-24 22:31:24,2026-09-24 22:31:59,41.1,7.9,1.5,Static,STATIC,N/A,0.0,0.0
71,person,2026-09-24 22:33:13,2026-09-24 22:33:13,5.9,0.0,0.0,Static,STATIC,Neutral,-0.09,0.36
72,person,2026-09-24 22:33:55,2026-09-24 22:33:57,8.1,16.6,4.4,Static,MOVING,Neutral,-0.01,0.32
70,tv,2026-09-24 22:32:33,2026-09-24 22:34:55,149.1,13.1,0.5,Static,STATIC,N/A,0.0,0.0
73,tv,2026-09-24 22:34:23,2026-09-24 22:34:55,39.4,16.0,1.4,Static,STATIC,N/A,0.0,0.0
75,person,2026-09-24 22:36:53,2026-09-24 22:36:53,6.0,0.0,0.0,Static,STATIC,Neutral,0.03,0.18
76,person,2026-09-24 22:37:01,2026-09-24 22:37:03,8.1,1.1,0.4,Static,MOVING,Neutral,-0.01,0.29
74,tv,2026-09-24 22:35:30,2026-09-24 22:37:55,151.5,10.0,0.5,Static,STATIC,N/A,0.0,0.0
77,tv,2026-09-24 22:37:21,2026-09-24 22:37:55,40.0,3.7,1.2,Static,STATIC,N/A,0.0,0.0
79,person,2026-09-24 22:39:54,2026-09-24 22:39:56,8.0,6.1,2.5,Static,MOVING,Neutral,-0.01,0.29
80,person,2026-09-24 22:40:05,2026-09-24 22:40:11,12.1,32.9,8.1,Static,MOVING,Neutral,-0.01,0.2
78,tv,2026-09-24 22:38:29,2026-09-24 22:40:57,154.5,6.7,0.5,Static,STATIC,N/A,0.0,0.0
81,tv,2026-09-24 22:40:23,2026-09-24 22:40:57,40.5,15.9,1.5,Static,STATIC,N/A,0.0,0.0
83,person,2026-09-24 22:42:12,2026-09-24 22:42:12,6.5,0.0,0.0,Static,STATIC,Neutral,0.0,0.22
84,person,2026-09-24 22:42:55,2026-09-24 22:42:57,8.3,16.3,5.5,Static,MOVING,Neutral,-0.01,0.27
85,person,2026-09-24 22:43:05,2026-09-24 22:43:05,6.3,0.0,0.0,Static,STATIC,Neutral,-0.07,0.39
82,tv,2026-09-24 22:41:32,2026-09-24 22:43:56,150.6,4.9,0.5,Static,STATIC,N/A,0.0,0.0
86,tv,2026-09-24 22:43:23,2026-09-24 22:43:56,39.7,11.5,1.3,Static,STATIC,N/A,0.0,0.0
88,person,2026-09-24 22:45:12,2026-09-24 22:45:12,6.3,0.0,0.0,Static,STATIC,Neutral,-0.1,0.45
89,person,2026-09-24 22:45:56,2026-09-24 22:45:57,7.7,5.3,1.8,Static,MOVING,Neutral,0.01,0.23
90,person,2026-09-24 22:46:06,2026-09-24 22:46:06,6.3,0.0,0.0,Static,STATIC,Neutral,-0.05,0.3
87,tv,2026-09-24 22:44:31,2026-09-24 22:46:59,154.6,6.7,0.5,Static,STATIC,N/A,0.0,0.0
91,tv,2026-09-24 22:46:24,2026-09-24 22:46:59,41.5,7.8,1.6,Static,STATIC,N/A,0.0,0.0
59,person,2026-09-24 22:25:10,2026-09-24 22:48:59,1435.5,17.2,1.1,West,STATIC,Neutral,-0.04,0.32
94,person,2026-09-24 22:49:09,2026-09-24 22:49:09,6.2,0.0,0.0,Static,STATIC,Neutral,-0.04,0.22
92,tv,2026-09-24 22:47:34,2026-09-24 22:50:02,155.0,6.5,0.5,Static,STATIC,N/A,0.0,0.0
95,tv,2026-09-24 22:49:27,2026-09-24 22:50:02,41.5,10.2,1.4,Static,STATIC,N/A,0.0,0.0
97,person,2026-09-24 22:52:09,2026-09-24 22:52:09,6.2,0.0,0.0,Static,STATIC,Neutral,-0.17,0.3
96,tv,2026-09-24 22:50:36,2026-09-24 22:53:03,154.0,5.4,0.5,Static,STATIC,N/A,0.0,0.0
98,tv,2026-09-24 22:52:29,2026-09-24 22:53:03,41.1,4.4,1.3,Static,STATIC,N/A,0.0,0.0
100,person,2026-09-24 22:55:02,2026-09-24 22:55:04,8.2,5.2,2.6,Static,MOVING,Neutral,-0.01,0.3
99,tv,2026-09-24 22:53:38,2026-09-24 22:56:05,153.5,6.6,0.5,Static,STATIC,N/A,0.0,0.0
101,tv,2026-09-24 22:55:31,2026-09-24 22:56:05,40.7,10.9,1.5,Static,STATIC,N/A,0.0,0.0
103,person,2026-09-24 22:58:02,2026-09-24 22:58:04,7.9,5.9,2.0,Static,MOVING,Neutral,0.04,0.21
104,person,2026-09-24 22:58:11,2026-09-24 22:58:11,6.5,0.0,0.0,Static,STATIC,Neutral,-0.1,0.25
102,tv,2026-09-24 22:56:39,2026-09-24 22:59:05,152.1,6.5,0.5,Static,STATIC,N/A,0.0,0.0
105,tv,2026-09-24 22:58:31,2026-09-24 22:59:05,40.6,3.2,1.2,Static,STATIC,N/A,0.0,0.0
93,person,2026-09-24 22:48:59,2026-09-24 23:00:26,693.9,15.9,1.2,Static,STATIC,Neutral,-0.04,0.31
108,person,2026-09-24 23:01:04,2026-09-24 23:01:06,7.9,6.0,2.3,Static,MOVING,Neutral,-0.02,0.21
106,tv,2026-09-24 22:59:40,2026-09-24 23:02:08,153.9,9.9,0.5,Static,STATIC,N/A,0.0,0.0
109,tv,2026-09-24 23:01:33,2026-09-24 23:02:08,40.9,4.9,1.3,Static,STATIC,N/A,0.0,0.0
111,person,2026-09-24 23:04:08,2026-09-24 23:04:10,8.0,2.3,0.8,Static,MOVING,Neutral,0.0,0.3
112,person,2026-09-24 23:04:10,2026-09-24 23:04:10,6.2,0.0,0.0,Static,STATIC,Neutral,-0.07,0.29
110,tv,2026-09-24 23:02:43,2026-09-24 23:05:12,154.5,6.7,0.5,Static,STATIC,N/A,0.0,0.0
113,tv,2026-09-24 23:04:37,2026-09-24 23:05:12,40.6,4.7,1.3,Static,STATIC,N/A,0.0,0.0
115,person,2026-09-24 23:07:11,2026-09-24 23:07:13,7.9,4.4,1.5,Static,MOVING,Neutral,0.08,0.28
114,tv,2026-09-24 23:05:47,2026-09-24 23:08:10,149.9,6.3,0.5,Static,STATIC,N/A,0.0,0.0
116,tv,2026-09-24 23:07:38,2026-09-24 23:08:11,38.8,5.6,1.5,Static,STATIC,N/A,0.0,0.0
118,person,2026-09-24 23:10:11,2026-09-24 23:10:13,7.5,8.7,3.1,Static,MOVING,Neutral,0.1,0.25
119,person,2026-09-24 23:10:21,2026-09-24 23:10:21,6.0,0.0,0.0,Static,STATIC,Surprised,0.0,0.53
117,tv,2026-09-24 23:08:45,2026-09-24 23:11:14,154.5,10.0,0.4,Static,STATIC,N/A,0.0,0.0
120,tv,2026-09-24 23:10:39,2026-09-24 23:11:14,40.1,11.5,1.5,Static,STATIC,N/A,0.0,0.0
122,person,2026-09-24 23:13:12,2026-09-24 23:13:12,6.2,0.0,0.0,Static,STATIC,Neutral,0.03,0.18
121,tv,2026-09-24 23:11:48,2026-09-24 23:14:15,153.7,6.3,0.5,Static,STATIC,N/A,0.0,0.0
123,tv,2026-09-24 23:13:41,2026-09-24 23:14:15,41.0,4.1,1.2,Static,STATIC,N/A,0.0,0.0
125,person,2026-09-24 23:15:30,2026-09-24 23:15:30,6.1,0.0,0.0,Static,STATIC,Neutral,-0.1,0.45
126,person,2026-09-24 23:16:13,2026-09-24 23:16:15,7.9,5.2,1.7,Static,MOVING,Neutral,-0.04,0.23
127,person,2026-09-24 23:16:24,2026-09-24 23:16:24,6.1,0.0,0.0,Static,STATIC,Neutral,0.01,0.3
124,tv,2026-09-24 23:14:50,2026-09-24 23:17:16,151.6,9.8,0.5,Static,STATIC,N/A,0.0,0.0
128,tv,2026-09-24 23:16:42,2026-09-24 23:17:16,40.2,4.7,1.5,Static,STATIC,N/A,0.0,0.0
